file_name,d1p,d1v,file_name_with_attributes
ToyCar/test/section_03_0000.wav,car,G2,ToyCar/test/section_03_target_test_anomaly_0011_car_G2_spd_34V_mic_1_noise_6.wav
ToyCar/test/section_03_0001.wav,car,G1,ToyCar/test/section_03_target_test_normal_0030_car_G1_spd_34V_mic_1_noise_6.wav
ToyCar/test/section_03_0002.wav,car,F1,ToyCar/test/section_03_source_test_normal_0030_car_F1_spd_31V_mic_1_noise_6.wav
ToyCar/test/section_03_0003.wav,car,G2,ToyCar/test/section_03_target_test_anomaly_0036_car_G2_spd_31V_mic_1_noise_6.wav
ToyCar/test/section_03_0004.wav,car,G1,ToyCar/test/section_03_target_test_anomaly_0000_car_G1_spd_31V_mic_1_noise_6.wav
ToyCar/test/section_03_0005.wav,car,F1,ToyCar/test/section_03_source_test_normal_0002_car_F1_spd_31V_mic_1_noise_6.wav
ToyCar/test/section_03_0006.wav,car,H2,ToyCar/test/section_03_source_test_normal_0047_car_H2_spd_34V_mic_1_noise_6.wav
ToyCar/test/section_03_0007.wav,car,G2,ToyCar/test/section_03_target_test_anomaly_0046_car_G2_spd_31V_mic_1_noise_6.wav
ToyCar/test/section_03_0008.wav,car,G1,ToyCar/test/section_03_target_test_normal_0003_car_G1_spd_31V_mic_1_noise_6.wav
ToyCar/test/section_03_0009.wav,car,H1,ToyCar/test/section_03_source_test_anomaly_0030_car_H1_spd_34V_mic_1_noise_6.wav
ToyCar/test/section_03_0010.wav,car,G2,ToyCar/test/section_03_target_test_anomaly_0006_car_G2_spd_34V_mic_1_noise_6.wav
ToyCar/test/section_03_0011.wav,car,H2,ToyCar/test/section_03_source_test_normal_0044_car_H2_spd_34V_mic_1_noise_6.wav
ToyCar/test/section_03_0012.wav,car,F2,ToyCar/test/section_03_source_test_normal_0013_car_F2_spd_34V_mic_1_noise_6.wav
ToyCar/test/section_03_0013.wav,car,G1,ToyCar/test/section_03_target_test_normal_0004_car_G1_spd_31V_mic_1_noise_6.wav
ToyCar/test/section_03_0014.wav,car,G2,ToyCar/test/section_03_target_test_normal_0046_car_G2_spd_34V_mic_1_noise_6.wav
ToyCar/test/section_03_0015.wav,car,F1,ToyCar/test/section_03_source_test_anomaly_0001_car_F1_spd_31V_mic_1_noise_6.wav
ToyCar/test/section_03_0016.wav,car,F2,ToyCar/test/section_03_source_test_anomaly_0021_car_F2_spd_34V_mic_1_noise_6.wav
ToyCar/test/section_03_0017.wav,car,G1,ToyCar/test/section_03_target_test_normal_0008_car_G1_spd_31V_mic_1_noise_6.wav
ToyCar/test/section_03_0018.wav,car,H2,ToyCar/test/section_03_source_test_anomaly_0031_car_H2_spd_31V_mic_1_noise_6.wav
ToyCar/test/section_03_0019.wav,car,H2,ToyCar/test/section_03_source_test_anomaly_0047_car_H2_spd_31V_mic_1_noise_6.wav
ToyCar/test/section_03_0020.wav,car,G2,ToyCar/test/section_03_target_test_normal_0042_car_G2_spd_34V_mic_1_noise_6.wav
ToyCar/test/section_03_0021.wav,car,G2,ToyCar/test/section_03_target_test_normal_0022_car_G2_spd_31V_mic_1_noise_6.wav
ToyCar/test/section_03_0022.wav,car,H1,ToyCar/test/section_03_source_test_normal_0040_car_H1_spd_31V_mic_1_noise_6.wav
ToyCar/test/section_03_0023.wav,car,G1,ToyCar/test/section_03_target_test_anomaly_0025_car_G1_spd_34V_mic_1_noise_6.wav
ToyCar/test/section_03_0024.wav,car,H1,ToyCar/test/section_03_source_test_anomaly_0043_car_H1_spd_34V_mic_1_noise_6.wav
ToyCar/test/section_03_0025.wav,car,G2,ToyCar/test/section_03_target_test_anomaly_0024_car_G2_spd_34V_mic_1_noise_6.wav
ToyCar/test/section_03_0026.wav,car,F1,ToyCar/test/section_03_source_test_normal_0026_car_F1_spd_31V_mic_1_noise_6.wav
ToyCar/test/section_03_0027.wav,car,H2,ToyCar/test/section_03_source_test_normal_0048_car_H2_spd_34V_mic_1_noise_6.wav
ToyCar/test/section_03_0028.wav,car,G2,ToyCar/test/section_03_target_test_anomaly_0019_car_G2_spd_34V_mic_1_noise_6.wav
ToyCar/test/section_03_0029.wav,car,H2,ToyCar/test/section_03_source_test_anomaly_0046_car_H2_spd_31V_mic_1_noise_6.wav
ToyCar/test/section_03_0030.wav,car,F1,ToyCar/test/section_03_source_test_anomaly_0002_car_F1_spd_31V_mic_1_noise_6.wav
ToyCar/test/section_03_0031.wav,car,H2,ToyCar/test/section_03_source_test_normal_0012_car_H2_spd_31V_mic_1_noise_6.wav
ToyCar/test/section_03_0032.wav,car,G1,ToyCar/test/section_03_target_test_anomaly_0001_car_G1_spd_31V_mic_1_noise_6.wav
ToyCar/test/section_03_0033.wav,car,H1,ToyCar/test/section_03_source_test_normal_0043_car_H1_spd_31V_mic_1_noise_6.wav
ToyCar/test/section_03_0034.wav,car,G2,ToyCar/test/section_03_target_test_anomaly_0045_car_G2_spd_31V_mic_1_noise_6.wav
ToyCar/test/section_03_0035.wav,car,F2,ToyCar/test/section_03_source_test_normal_0014_car_F2_spd_34V_mic_1_noise_6.wav
ToyCar/test/section_03_0036.wav,car,H1,ToyCar/test/section_03_source_test_normal_0037_car_H1_spd_31V_mic_1_noise_6.wav
ToyCar/test/section_03_0037.wav,car,G1,ToyCar/test/section_03_target_test_normal_0027_car_G1_spd_34V_mic_1_noise_6.wav
ToyCar/test/section_03_0038.wav,car,H1,ToyCar/test/section_03_source_test_anomaly_0042_car_H1_spd_34V_mic_1_noise_6.wav
ToyCar/test/section_03_0039.wav,car,G1,ToyCar/test/section_03_target_test_anomaly_0029_car_G1_spd_34V_mic_1_noise_6.wav
ToyCar/test/section_03_0040.wav,car,G2,ToyCar/test/section_03_target_test_anomaly_0020_car_G2_spd_34V_mic_1_noise_6.wav
ToyCar/test/section_03_0041.wav,car,H1,ToyCar/test/section_03_source_test_normal_0023_car_H1_spd_34V_mic_1_noise_6.wav
ToyCar/test/section_03_0042.wav,car,F2,ToyCar/test/section_03_source_test_normal_0016_car_F2_spd_34V_mic_1_noise_6.wav
ToyCar/test/section_03_0043.wav,car,G2,ToyCar/test/section_03_target_test_anomaly_0034_car_G2_spd_31V_mic_1_noise_6.wav
ToyCar/test/section_03_0044.wav,car,G1,ToyCar/test/section_03_target_test_anomaly_0017_car_G1_spd_31V_mic_1_noise_6.wav
ToyCar/test/section_03_0045.wav,car,F2,ToyCar/test/section_03_source_test_anomaly_0009_car_F2_spd_34V_mic_1_noise_6.wav
ToyCar/test/section_03_0046.wav,car,F2,ToyCar/test/section_03_source_test_normal_0032_car_F2_spd_34V_mic_1_noise_6.wav
ToyCar/test/section_03_0047.wav,car,G2,ToyCar/test/section_03_target_test_anomaly_0031_car_G2_spd_31V_mic_1_noise_6.wav
ToyCar/test/section_03_0048.wav,car,G2,ToyCar/test/section_03_target_test_normal_0020_car_G2_spd_31V_mic_1_noise_6.wav
ToyCar/test/section_03_0049.wav,car,G1,ToyCar/test/section_03_target_test_anomaly_0043_car_G1_spd_34V_mic_1_noise_6.wav
ToyCar/test/section_03_0050.wav,car,G2,ToyCar/test/section_03_target_test_normal_0017_car_G2_spd_31V_mic_1_noise_6.wav
ToyCar/test/section_03_0051.wav,car,H1,ToyCar/test/section_03_source_test_normal_0020_car_H1_spd_34V_mic_1_noise_6.wav
ToyCar/test/section_03_0052.wav,car,G1,ToyCar/test/section_03_target_test_normal_0031_car_G1_spd_34V_mic_1_noise_6.wav
ToyCar/test/section_03_0053.wav,car,G1,ToyCar/test/section_03_target_test_anomaly_0038_car_G1_spd_34V_mic_1_noise_6.wav
ToyCar/test/section_03_0054.wav,car,G2,ToyCar/test/section_03_target_test_normal_0015_car_G2_spd_31V_mic_1_noise_6.wav
ToyCar/test/section_03_0055.wav,car,H2,ToyCar/test/section_03_source_test_anomaly_0032_car_H2_spd_31V_mic_1_noise_6.wav
ToyCar/test/section_03_0056.wav,car,F1,ToyCar/test/section_03_source_test_anomaly_0016_car_F1_spd_31V_mic_1_noise_6.wav
ToyCar/test/section_03_0057.wav,car,G2,ToyCar/test/section_03_target_test_normal_0023_car_G2_spd_31V_mic_1_noise_6.wav
ToyCar/test/section_03_0058.wav,car,G2,ToyCar/test/section_03_target_test_normal_0019_car_G2_spd_31V_mic_1_noise_6.wav
ToyCar/test/section_03_0059.wav,car,G1,ToyCar/test/section_03_target_test_normal_0005_car_G1_spd_31V_mic_1_noise_6.wav
ToyCar/test/section_03_0060.wav,car,H1,ToyCar/test/section_03_source_test_anomaly_0025_car_H1_spd_34V_mic_1_noise_6.wav
ToyCar/test/section_03_0061.wav,car,H1,ToyCar/test/section_03_source_test_normal_0039_car_H1_spd_31V_mic_1_noise_6.wav
ToyCar/test/section_03_0062.wav,car,G2,ToyCar/test/section_03_target_test_anomaly_0007_car_G2_spd_34V_mic_1_noise_6.wav
ToyCar/test/section_03_0063.wav,car,G2,ToyCar/test/section_03_target_test_normal_0014_car_G2_spd_31V_mic_1_noise_6.wav
ToyCar/test/section_03_0064.wav,car,G1,ToyCar/test/section_03_target_test_anomaly_0016_car_G1_spd_31V_mic_1_noise_6.wav
ToyCar/test/section_03_0065.wav,car,F2,ToyCar/test/section_03_source_test_anomaly_0024_car_F2_spd_34V_mic_1_noise_6.wav
ToyCar/test/section_03_0066.wav,car,F2,ToyCar/test/section_03_source_test_anomaly_0010_car_F2_spd_34V_mic_1_noise_6.wav
ToyCar/test/section_03_0067.wav,car,H1,ToyCar/test/section_03_source_test_anomaly_0027_car_H1_spd_34V_mic_1_noise_6.wav
ToyCar/test/section_03_0068.wav,car,F2,ToyCar/test/section_03_source_test_anomaly_0019_car_F2_spd_34V_mic_1_noise_6.wav
ToyCar/test/section_03_0069.wav,car,F2,ToyCar/test/section_03_source_test_anomaly_0006_car_F2_spd_34V_mic_1_noise_6.wav
ToyCar/test/section_03_0070.wav,car,G1,ToyCar/test/section_03_target_test_anomaly_0014_car_G1_spd_31V_mic_1_noise_6.wav
ToyCar/test/section_03_0071.wav,car,G2,ToyCar/test/section_03_target_test_normal_0044_car_G2_spd_34V_mic_1_noise_6.wav
ToyCar/test/section_03_0072.wav,car,G1,ToyCar/test/section_03_target_test_normal_0009_car_G1_spd_31V_mic_1_noise_6.wav
ToyCar/test/section_03_0073.wav,car,F1,ToyCar/test/section_03_source_test_normal_0005_car_F1_spd_31V_mic_1_noise_6.wav
ToyCar/test/section_03_0074.wav,car,G2,ToyCar/test/section_03_target_test_normal_0039_car_G2_spd_34V_mic_1_noise_6.wav
ToyCar/test/section_03_0075.wav,car,H2,ToyCar/test/section_03_source_test_anomaly_0033_car_H2_spd_31V_mic_1_noise_6.wav
ToyCar/test/section_03_0076.wav,car,H1,ToyCar/test/section_03_source_test_anomaly_0039_car_H1_spd_34V_mic_1_noise_6.wav
ToyCar/test/section_03_0077.wav,car,F2,ToyCar/test/section_03_source_test_normal_0031_car_F2_spd_34V_mic_1_noise_6.wav
ToyCar/test/section_03_0078.wav,car,F1,ToyCar/test/section_03_source_test_anomaly_0013_car_F1_spd_31V_mic_1_noise_6.wav
ToyCar/test/section_03_0079.wav,car,H1,ToyCar/test/section_03_source_test_anomaly_0040_car_H1_spd_34V_mic_1_noise_6.wav
ToyCar/test/section_03_0080.wav,car,G2,ToyCar/test/section_03_target_test_anomaly_0044_car_G2_spd_31V_mic_1_noise_6.wav
ToyCar/test/section_03_0081.wav,car,G1,ToyCar/test/section_03_target_test_anomaly_0028_car_G1_spd_34V_mic_1_noise_6.wav
ToyCar/test/section_03_0082.wav,car,F1,ToyCar/test/section_03_source_test_anomaly_0018_car_F1_spd_31V_mic_1_noise_6.wav
ToyCar/test/section_03_0083.wav,car,G2,ToyCar/test/section_03_target_test_anomaly_0049_car_G2_spd_31V_mic_1_noise_6.wav
ToyCar/test/section_03_0084.wav,car,H1,ToyCar/test/section_03_source_test_anomaly_0026_car_H1_spd_34V_mic_1_noise_6.wav
ToyCar/test/section_03_0085.wav,car,F2,ToyCar/test/section_03_source_test_normal_0035_car_F2_spd_34V_mic_1_noise_6.wav
ToyCar/test/section_03_0086.wav,car,H2,ToyCar/test/section_03_source_test_anomaly_0049_car_H2_spd_31V_mic_1_noise_6.wav
ToyCar/test/section_03_0087.wav,car,G2,ToyCar/test/section_03_target_test_normal_0038_car_G2_spd_34V_mic_1_noise_6.wav
ToyCar/test/section_03_0088.wav,car,G2,ToyCar/test/section_03_target_test_normal_0021_car_G2_spd_31V_mic_1_noise_6.wav
ToyCar/test/section_03_0089.wav,car,G1,ToyCar/test/section_03_target_test_normal_0002_car_G1_spd_31V_mic_1_noise_6.wav
ToyCar/test/section_03_0090.wav,car,F2,ToyCar/test/section_03_source_test_normal_0018_car_F2_spd_34V_mic_1_noise_6.wav
ToyCar/test/section_03_0091.wav,car,G2,ToyCar/test/section_03_target_test_anomaly_0048_car_G2_spd_31V_mic_1_noise_6.wav
ToyCar/test/section_03_0092.wav,car,G2,ToyCar/test/section_03_target_test_normal_0047_car_G2_spd_34V_mic_1_noise_6.wav
ToyCar/test/section_03_0093.wav,car,F2,ToyCar/test/section_03_source_test_anomaly_0023_car_F2_spd_34V_mic_1_noise_6.wav
ToyCar/test/section_03_0094.wav,car,G2,ToyCar/test/section_03_target_test_anomaly_0032_car_G2_spd_31V_mic_1_noise_6.wav
ToyCar/test/section_03_0095.wav,car,F1,ToyCar/test/section_03_source_test_anomaly_0000_car_F1_spd_31V_mic_1_noise_6.wav
ToyCar/test/section_03_0096.wav,car,H2,ToyCar/test/section_03_source_test_normal_0009_car_H2_spd_31V_mic_1_noise_6.wav
ToyCar/test/section_03_0097.wav,car,H2,ToyCar/test/section_03_source_test_normal_0011_car_H2_spd_31V_mic_1_noise_6.wav
ToyCar/test/section_03_0098.wav,car,H2,ToyCar/test/section_03_source_test_normal_0007_car_H2_spd_31V_mic_1_noise_6.wav
ToyCar/test/section_03_0099.wav,car,G1,ToyCar/test/section_03_target_test_normal_0036_car_G1_spd_34V_mic_1_noise_6.wav
ToyCar/test/section_03_0100.wav,car,F1,ToyCar/test/section_03_source_test_normal_0028_car_F1_spd_31V_mic_1_noise_6.wav
ToyCar/test/section_03_0101.wav,car,H1,ToyCar/test/section_03_source_test_normal_0042_car_H1_spd_31V_mic_1_noise_6.wav
ToyCar/test/section_03_0102.wav,car,G2,ToyCar/test/section_03_target_test_normal_0049_car_G2_spd_34V_mic_1_noise_6.wav
ToyCar/test/section_03_0103.wav,car,G1,ToyCar/test/section_03_target_test_normal_0035_car_G1_spd_34V_mic_1_noise_6.wav
ToyCar/test/section_03_0104.wav,car,H2,ToyCar/test/section_03_source_test_anomaly_0035_car_H2_spd_31V_mic_1_noise_6.wav
ToyCar/test/section_03_0105.wav,car,G1,ToyCar/test/section_03_target_test_anomaly_0037_car_G1_spd_34V_mic_1_noise_6.wav
ToyCar/test/section_03_0106.wav,car,G2,ToyCar/test/section_03_target_test_normal_0045_car_G2_spd_34V_mic_1_noise_6.wav
ToyCar/test/section_03_0107.wav,car,G2,ToyCar/test/section_03_target_test_normal_0016_car_G2_spd_31V_mic_1_noise_6.wav
ToyCar/test/section_03_0108.wav,car,G2,ToyCar/test/section_03_target_test_anomaly_0021_car_G2_spd_34V_mic_1_noise_6.wav
ToyCar/test/section_03_0109.wav,car,G1,ToyCar/test/section_03_target_test_anomaly_0004_car_G1_spd_31V_mic_1_noise_6.wav
ToyCar/test/section_03_0110.wav,car,G2,ToyCar/test/section_03_target_test_anomaly_0047_car_G2_spd_31V_mic_1_noise_6.wav
ToyCar/test/section_03_0111.wav,car,F1,ToyCar/test/section_03_source_test_normal_0029_car_F1_spd_31V_mic_1_noise_6.wav
ToyCar/test/section_03_0112.wav,car,G2,ToyCar/test/section_03_target_test_anomaly_0008_car_G2_spd_34V_mic_1_noise_6.wav
ToyCar/test/section_03_0113.wav,car,F1,ToyCar/test/section_03_source_test_normal_0025_car_F1_spd_31V_mic_1_noise_6.wav
ToyCar/test/section_03_0114.wav,car,F1,ToyCar/test/section_03_source_test_normal_0000_car_F1_spd_31V_mic_1_noise_6.wav
ToyCar/test/section_03_0115.wav,car,F1,ToyCar/test/section_03_source_test_anomaly_0005_car_F1_spd_31V_mic_1_noise_6.wav
ToyCar/test/section_03_0116.wav,car,G2,ToyCar/test/section_03_target_test_normal_0037_car_G2_spd_34V_mic_1_noise_6.wav
ToyCar/test/section_03_0117.wav,car,F1,ToyCar/test/section_03_source_test_normal_0004_car_F1_spd_31V_mic_1_noise_6.wav
ToyCar/test/section_03_0118.wav,car,H1,ToyCar/test/section_03_source_test_normal_0024_car_H1_spd_34V_mic_1_noise_6.wav
ToyCar/test/section_03_0119.wav,car,F2,ToyCar/test/section_03_source_test_normal_0015_car_F2_spd_34V_mic_1_noise_6.wav
ToyCar/test/section_03_0120.wav,car,H2,ToyCar/test/section_03_source_test_normal_0049_car_H2_spd_34V_mic_1_noise_6.wav
ToyCar/test/section_03_0121.wav,car,G2,ToyCar/test/section_03_target_test_normal_0040_car_G2_spd_34V_mic_1_noise_6.wav
ToyCar/test/section_03_0122.wav,car,H2,ToyCar/test/section_03_source_test_anomaly_0044_car_H2_spd_31V_mic_1_noise_6.wav
ToyCar/test/section_03_0123.wav,car,G1,ToyCar/test/section_03_target_test_anomaly_0015_car_G1_spd_31V_mic_1_noise_6.wav
ToyCar/test/section_03_0124.wav,car,F2,ToyCar/test/section_03_source_test_anomaly_0020_car_F2_spd_34V_mic_1_noise_6.wav
ToyCar/test/section_03_0125.wav,car,H1,ToyCar/test/section_03_source_test_anomaly_0028_car_H1_spd_34V_mic_1_noise_6.wav
ToyCar/test/section_03_0126.wav,car,F1,ToyCar/test/section_03_source_test_normal_0003_car_F1_spd_31V_mic_1_noise_6.wav
ToyCar/test/section_03_0127.wav,car,H1,ToyCar/test/section_03_source_test_normal_0021_car_H1_spd_34V_mic_1_noise_6.wav
ToyCar/test/section_03_0128.wav,car,F1,ToyCar/test/section_03_source_test_anomaly_0004_car_F1_spd_31V_mic_1_noise_6.wav
ToyCar/test/section_03_0129.wav,car,G1,ToyCar/test/section_03_target_test_normal_0026_car_G1_spd_34V_mic_1_noise_6.wav
ToyCar/test/section_03_0130.wav,car,G1,ToyCar/test/section_03_target_test_normal_0033_car_G1_spd_34V_mic_1_noise_6.wav
ToyCar/test/section_03_0131.wav,car,G1,ToyCar/test/section_03_target_test_normal_0007_car_G1_spd_31V_mic_1_noise_6.wav
ToyCar/test/section_03_0132.wav,car,H1,ToyCar/test/section_03_source_test_anomaly_0029_car_H1_spd_34V_mic_1_noise_6.wav
ToyCar/test/section_03_0133.wav,car,G1,ToyCar/test/section_03_target_test_anomaly_0039_car_G1_spd_34V_mic_1_noise_6.wav
ToyCar/test/section_03_0134.wav,car,G1,ToyCar/test/section_03_target_test_normal_0011_car_G1_spd_31V_mic_1_noise_6.wav
ToyCar/test/section_03_0135.wav,car,H2,ToyCar/test/section_03_source_test_anomaly_0036_car_H2_spd_31V_mic_1_noise_6.wav
ToyCar/test/section_03_0136.wav,car,H1,ToyCar/test/section_03_source_test_normal_0019_car_H1_spd_34V_mic_1_noise_6.wav
ToyCar/test/section_03_0137.wav,car,H1,ToyCar/test/section_03_source_test_anomaly_0037_car_H1_spd_34V_mic_1_noise_6.wav
ToyCar/test/section_03_0138.wav,car,G2,ToyCar/test/section_03_target_test_anomaly_0035_car_G2_spd_31V_mic_1_noise_6.wav
ToyCar/test/section_03_0139.wav,car,F1,ToyCar/test/section_03_source_test_normal_0027_car_F1_spd_31V_mic_1_noise_6.wav
ToyCar/test/section_03_0140.wav,car,H2,ToyCar/test/section_03_source_test_normal_0006_car_H2_spd_31V_mic_1_noise_6.wav
ToyCar/test/section_03_0141.wav,car,H1,ToyCar/test/section_03_source_test_normal_0041_car_H1_spd_31V_mic_1_noise_6.wav
ToyCar/test/section_03_0142.wav,car,G1,ToyCar/test/section_03_target_test_anomaly_0002_car_G1_spd_31V_mic_1_noise_6.wav
ToyCar/test/section_03_0143.wav,car,H2,ToyCar/test/section_03_source_test_anomaly_0048_car_H2_spd_31V_mic_1_noise_6.wav
ToyCar/test/section_03_0144.wav,car,G1,ToyCar/test/section_03_target_test_anomaly_0005_car_G1_spd_31V_mic_1_noise_6.wav
ToyCar/test/section_03_0145.wav,car,G1,ToyCar/test/section_03_target_test_anomaly_0003_car_G1_spd_31V_mic_1_noise_6.wav
ToyCar/test/section_03_0146.wav,car,G2,ToyCar/test/section_03_target_test_anomaly_0009_car_G2_spd_34V_mic_1_noise_6.wav
ToyCar/test/section_03_0147.wav,car,G1,ToyCar/test/section_03_target_test_anomaly_0027_car_G1_spd_34V_mic_1_noise_6.wav
ToyCar/test/section_03_0148.wav,car,F2,ToyCar/test/section_03_source_test_anomaly_0022_car_F2_spd_34V_mic_1_noise_6.wav
ToyCar/test/section_03_0149.wav,car,G1,ToyCar/test/section_03_target_test_normal_0032_car_G1_spd_34V_mic_1_noise_6.wav
ToyCar/test/section_03_0150.wav,car,H2,ToyCar/test/section_03_source_test_anomaly_0034_car_H2_spd_31V_mic_1_noise_6.wav
ToyCar/test/section_03_0151.wav,car,G1,ToyCar/test/section_03_target_test_normal_0034_car_G1_spd_34V_mic_1_noise_6.wav
ToyCar/test/section_03_0152.wav,car,F1,ToyCar/test/section_03_source_test_anomaly_0017_car_F1_spd_31V_mic_1_noise_6.wav
ToyCar/test/section_03_0153.wav,car,G1,ToyCar/test/section_03_target_test_anomaly_0013_car_G1_spd_31V_mic_1_noise_6.wav
ToyCar/test/section_03_0154.wav,car,G2,ToyCar/test/section_03_target_test_anomaly_0033_car_G2_spd_31V_mic_1_noise_6.wav
ToyCar/test/section_03_0155.wav,car,G2,ToyCar/test/section_03_target_test_anomaly_0022_car_G2_spd_34V_mic_1_noise_6.wav
ToyCar/test/section_03_0156.wav,car,G2,ToyCar/test/section_03_target_test_anomaly_0023_car_G2_spd_34V_mic_1_noise_6.wav
ToyCar/test/section_03_0157.wav,car,G1,ToyCar/test/section_03_target_test_normal_0028_car_G1_spd_34V_mic_1_noise_6.wav
ToyCar/test/section_03_0158.wav,car,F1,ToyCar/test/section_03_source_test_anomaly_0003_car_F1_spd_31V_mic_1_noise_6.wav
ToyCar/test/section_03_0159.wav,car,H2,ToyCar/test/section_03_source_test_normal_0046_car_H2_spd_34V_mic_1_noise_6.wav
ToyCar/test/section_03_0160.wav,car,G2,ToyCar/test/section_03_target_test_normal_0024_car_G2_spd_31V_mic_1_noise_6.wav
ToyCar/test/section_03_0161.wav,car,F2,ToyCar/test/section_03_source_test_normal_0036_car_F2_spd_34V_mic_1_noise_6.wav
ToyCar/test/section_03_0162.wav,car,H1,ToyCar/test/section_03_source_test_normal_0022_car_H1_spd_34V_mic_1_noise_6.wav
ToyCar/test/section_03_0163.wav,car,G1,ToyCar/test/section_03_target_test_anomaly_0018_car_G1_spd_31V_mic_1_noise_6.wav
ToyCar/test/section_03_0164.wav,car,H1,ToyCar/test/section_03_source_test_anomaly_0038_car_H1_spd_34V_mic_1_noise_6.wav
ToyCar/test/section_03_0165.wav,car,F1,ToyCar/test/section_03_source_test_anomaly_0012_car_F1_spd_31V_mic_1_noise_6.wav
ToyCar/test/section_03_0166.wav,car,G2,ToyCar/test/section_03_target_test_anomaly_0010_car_G2_spd_34V_mic_1_noise_6.wav
ToyCar/test/section_03_0167.wav,car,G2,ToyCar/test/section_03_target_test_normal_0012_car_G2_spd_31V_mic_1_noise_6.wav
ToyCar/test/section_03_0168.wav,car,G1,ToyCar/test/section_03_target_test_anomaly_0030_car_G1_spd_34V_mic_1_noise_6.wav
ToyCar/test/section_03_0169.wav,car,H2,ToyCar/test/section_03_source_test_normal_0010_car_H2_spd_31V_mic_1_noise_6.wav
ToyCar/test/section_03_0170.wav,car,F2,ToyCar/test/section_03_source_test_anomaly_0007_car_F2_spd_34V_mic_1_noise_6.wav
ToyCar/test/section_03_0171.wav,car,G1,ToyCar/test/section_03_target_test_normal_0006_car_G1_spd_31V_mic_1_noise_6.wav
ToyCar/test/section_03_0172.wav,car,H2,ToyCar/test/section_03_source_test_normal_0008_car_H2_spd_31V_mic_1_noise_6.wav
ToyCar/test/section_03_0173.wav,car,F1,ToyCar/test/section_03_source_test_normal_0001_car_F1_spd_31V_mic_1_noise_6.wav
ToyCar/test/section_03_0174.wav,car,F2,ToyCar/test/section_03_source_test_anomaly_0008_car_F2_spd_34V_mic_1_noise_6.wav
ToyCar/test/section_03_0175.wav,car,G1,ToyCar/test/section_03_target_test_normal_0010_car_G1_spd_31V_mic_1_noise_6.wav
ToyCar/test/section_03_0176.wav,car,G1,ToyCar/test/section_03_target_test_normal_0000_car_G1_spd_31V_mic_1_noise_6.wav
ToyCar/test/section_03_0177.wav,car,F1,ToyCar/test/section_03_source_test_anomaly_0015_car_F1_spd_31V_mic_1_noise_6.wav
ToyCar/test/section_03_0178.wav,car,G1,ToyCar/test/section_03_target_test_anomaly_0041_car_G1_spd_34V_mic_1_noise_6.wav
ToyCar/test/section_03_0179.wav,car,G2,ToyCar/test/section_03_target_test_normal_0048_car_G2_spd_34V_mic_1_noise_6.wav
ToyCar/test/section_03_0180.wav,car,G1,ToyCar/test/section_03_target_test_anomaly_0040_car_G1_spd_34V_mic_1_noise_6.wav
ToyCar/test/section_03_0181.wav,car,G1,ToyCar/test/section_03_target_test_normal_0001_car_G1_spd_31V_mic_1_noise_6.wav
ToyCar/test/section_03_0182.wav,car,F2,ToyCar/test/section_03_source_test_anomaly_0011_car_F2_spd_34V_mic_1_noise_6.wav
ToyCar/test/section_03_0183.wav,car,G2,ToyCar/test/section_03_target_test_normal_0013_car_G2_spd_31V_mic_1_noise_6.wav
ToyCar/test/section_03_0184.wav,car,G1,ToyCar/test/section_03_target_test_anomaly_0026_car_G1_spd_34V_mic_1_noise_6.wav
ToyCar/test/section_03_0185.wav,car,G1,ToyCar/test/section_03_target_test_anomaly_0042_car_G1_spd_34V_mic_1_noise_6.wav
ToyCar/test/section_03_0186.wav,car,F1,ToyCar/test/section_03_source_test_anomaly_0014_car_F1_spd_31V_mic_1_noise_6.wav
ToyCar/test/section_03_0187.wav,car,F2,ToyCar/test/section_03_source_test_normal_0033_car_F2_spd_34V_mic_1_noise_6.wav
ToyCar/test/section_03_0188.wav,car,G2,ToyCar/test/section_03_target_test_normal_0043_car_G2_spd_34V_mic_1_noise_6.wav
ToyCar/test/section_03_0189.wav,car,F2,ToyCar/test/section_03_source_test_normal_0017_car_F2_spd_34V_mic_1_noise_6.wav
ToyCar/test/section_03_0190.wav,car,H1,ToyCar/test/section_03_source_test_normal_0038_car_H1_spd_31V_mic_1_noise_6.wav
ToyCar/test/section_03_0191.wav,car,F2,ToyCar/test/section_03_source_test_normal_0034_car_F2_spd_34V_mic_1_noise_6.wav
ToyCar/test/section_03_0192.wav,car,G1,ToyCar/test/section_03_target_test_normal_0025_car_G1_spd_34V_mic_1_noise_6.wav
ToyCar/test/section_03_0193.wav,car,G1,ToyCar/test/section_03_target_test_normal_0029_car_G1_spd_34V_mic_1_noise_6.wav
ToyCar/test/section_03_0194.wav,car,H2,ToyCar/test/section_03_source_test_normal_0045_car_H2_spd_34V_mic_1_noise_6.wav
ToyCar/test/section_03_0195.wav,car,H2,ToyCar/test/section_03_source_test_anomaly_0045_car_H2_spd_31V_mic_1_noise_6.wav
ToyCar/test/section_03_0196.wav,car,G2,ToyCar/test/section_03_target_test_normal_0018_car_G2_spd_31V_mic_1_noise_6.wav
ToyCar/test/section_03_0197.wav,car,H1,ToyCar/test/section_03_source_test_anomaly_0041_car_H1_spd_34V_mic_1_noise_6.wav
ToyCar/test/section_03_0198.wav,car,G1,ToyCar/test/section_03_target_test_anomaly_0012_car_G1_spd_31V_mic_1_noise_6.wav
ToyCar/test/section_03_0199.wav,car,G2,ToyCar/test/section_03_target_test_normal_0041_car_G2_spd_34V_mic_1_noise_6.wav
